Aliveness	O
in	O
the	O
work	O
of	O
the	O
group	O
:	O
a	O
subjective	O
guide	O
to	O
creative	O
character	O
change	O
.	O

The	O
subjective	O
response	O
of	O
aliveness	O
in	O
the	O
work	O
of	O
the	O
group	O
may	O
be	O
a	O
valuable	O
signal	O
on	O
the	O
journey	O
toward	O
creative	O
character	O
change	O
in	O
group	B-LSF
therapy	I-LSF
.	O

In	O
order	O
to	O
promote	O
change	O
in	O
others	O
,	O
the	O
group	O
therapist	O
must	O
engage	O
deeply	O
and	O
use	O
internal	O
responses	O
as	O
guides	O
during	O
interactions	O
with	O
group	O
members	O
as	O
well	O
as	O
in	O
relation	O
to	O
the	O
group	O
as	O
a	O
whole	O
.	O

Subjective	O
awareness	O
of	O
increased	O
aliveness	O
that	O
is	O
linked	O
with	O
a	O
sense	O
of	O
the	O
work	O
of	O
the	O
group	O
may	O
guide	O
both	O
therapist	O
and	O
group	O
participants	O
in	O
the	O
midst	O
of	O
inevitable	O
anxieties	O
and	O
passions	O
aroused	O
during	O
this	O
quest	O
for	O
new	O
vitality	O
and	O
freedom	O
in	O
relationships	O
in	O
the	O
group	O
.	O

Winnicott	O
'	O
s	O
concept	O
of	O
potential	O
space	O
as	O
well	O
as	O
group	O
-	O
relations	O
theory	O
about	O
the	O
primary	O
task	O
provide	O
a	O
conceptual	O
foundation	O
for	O
this	O
approach	O
not	O
only	O
on	O
the	O
level	O
of	O
the	O
individual	O
member	O
within	O
the	O
group	O
but	O
also	O
on	O
the	O
level	O
of	O
the	O
group	O
as	O
a	O
whole	O
.	O

Two	O
-	O
year	O
follow	O
-	O
up	O
study	O
of	O
cognitive	B-LSF
behavioral	I-LSF
therapy	I-LSF
for	O
sexually	B-LSF
abused	I-LSF
children	I-LSF
suffering	O
post	O
-	O
traumatic	O
stress	O
symptoms	O
.	O

OBJECTIVE	O
:	O
The	O
present	O
study	O
sought	O
to	O
determine	O
whether	O
the	O
12	O
-	O
session	O
pre	O
-	O
to	O
posttest	O
therapeutic	O
gains	O
that	O
had	O
been	O
found	O
by	O
Deblinger	O
,	O
Lippmann	O
.	O
and	O
Steer	O
(	O
1996	O
)	O
for	O
an	O
initial	O
sample	O
of	O
100	O
sexually	B-LSF
abused	I-LSF
children	I-LSF
suffering	O
posttraumatic	O
stress	O
disorder	O
(	O
PTSD	O
)	O
symptoms	O
would	O
be	O
sustained	O
2	O
years	O
after	O
treatment	O
.	O

METHOD	O
:	O
These	O
sexually	B-LSF
abused	I-LSF
children	I-LSF
,	O
along	O
with	O
their	O
nonoffending	O
mothers	O
,	O
had	O
been	O
randomly	O
assigned	O
to	O
one	O
of	O
three	O
cognitive	B-LSF
-	I-LSF
behavioral	I-LSF
treatment	I-LSF
conditions	O
,	O
child	O
only	O
,	O
mother	O
only	O
,	O
or	O
mother	O
and	O
child	O
,	O
or	O
a	O
community	O
comparison	O
condition	O
,	O
and	O
were	O
followed	O
for	O
3	O
months	O
,	O
6	O
months	O
,	O
1	O
year	O
,	O
and	O
2	O
years	O
after	O
treatment	O
.	O

RESULTS	O
:	O
A	O
series	O
of	O
repeated	O
MANCOVAs	O
,	O
controlling	O
for	O
the	O
pre	O
-	O
test	O
scores	O
,	O
indicated	O
that	O
for	O
the	O
three	O
measures	O
of	O
psychopathology	O
that	O
had	O
significantly	O
decreased	O
in	O
the	O
original	O
study	O
(	O
i	O
.	O
e	O
.	O
,	O
externalizing	O
behavior	O
problems	O
,	O
depression	O
,	O
and	O
PTSD	O
symptoms	O
)	O
,	O
these	O
measures	O
at	O
3	O
months	O
,	O
6	O
months	O
,	O
1	O
year	O
,	O
and	O
2	O
years	O
were	O
comparable	O
to	O
the	O
posttest	O
scores	O
.	O

CONCLUSIONS	O
:	O
These	O
findings	O
suggest	O
that	O
the	O
pre	O
-	O
to	O
post	O
-	O
treatment	O
improvements	O
held	O
across	O
the	O
2	O
-	O
year	O
follow	O
-	O
up	O
period	O
.	O

The	O
clinical	O
and	O
research	O
implications	O
of	O
these	O
findings	O
are	O
discussed	O
.	O

Investigation	O
of	O
a	O
ponding	O
irrigation	O
system	O
to	O
recycle	O
agricultural	B-LSF
wastewater	I-LSF
.	O

This	O
article	O
presents	O
the	O
results	O
of	O
natural	O
carrying	O
capacity	O
of	O
ponding	O
irrigation	O
system	O
in	O
Taoyuan	O
agricultural	O
zone	O
,	O
Taiwan	O
.	O

Both	O
the	O
systematic	O
water	B-LSF
quality	I-LSF
and	O
the	O
ponding	O
effects	O
were	O
examined	O
.	O

The	O
ponding	O
irrigation	O
system	O
included	O
a	O
flow	O
channel	O
and	O
storage	O
ponds	O
.	O

The	O
data	O
showed	O
that	O
most	O
water	O
characteristics	O
deteriorated	O
gradually	O
from	O
upper	O
-	O
to	O
down	O
-	O
stream	O
in	O
the	O
flow	O
channel	O
and	O
the	O
flow	O
channel	O
was	O
not	O
attributed	O
to	O
any	O
self	O
-	O
purification	O
in	O
agricultural	B-LSF
returning	I-LSF
water	I-LSF
practically	O
.	O

On	O
the	O
other	O
hand	O
,	O
the	O
results	O
of	O
storage	O
ponds	O
indicated	O
that	O
they	O
can	O
provide	O
a	O
natural	O
treatment	O
(	O
i	O
.	O
e	O
.	O
,	O
the	O
outlet	O
water	B-LSF
quality	I-LSF
of	O
the	O
ponds	O
is	O
more	O
desirable	O
than	O
that	O
of	O
the	O
inlet	O
)	O
.	O

Consequently	O
,	O
the	O
ponding	O
irrigation	O
system	O
offers	O
the	O
natural	O
self	O
-	O
purification	O
in	O
ponds	O
to	O
reuse	O
and	O
recycle	O
the	O
returning	O
agricultural	B-LSF
wastewater	I-LSF
and	O
to	O
extend	O
the	O
irrigation	O
capacity	O
and	O
efficiency	O
.	O

Is	O
couple	B-LSF
therapy	I-LSF
indicated	O
for	O
borderline	O
personality	O
disorder	O
?	O

The	O
healing	O
aspects	O
of	O
intimate	B-LSF
relationships	I-LSF
are	O
being	O
recognized	O
by	O
therapists	O
and	O
supported	O
by	O
empirical	O
findings	O
.	O

Little	O
has	O
been	O
written	O
regarding	O
the	O
indications	O
for	O
couple	B-LSF
therapy	I-LSF
for	O
individuals	O
with	O
borderline	O
personality	O
disorder	O
.	O

This	O
paper	O
proposes	O
a	O
three	O
-	O
level	O
hierarchy	O
for	O
deciding	O
on	O
the	O
suitability	O
of	O
couple	B-LSF
therapy	I-LSF
for	O
patients	O
with	O
borderline	O
personality	O
disorder	O
.	O

The	O
hierarchy	O
is	O
based	O
on	O
three	O
separate	O
borderline	O
behavioral	O
clusters	O
-	O
-	O
impulsive	O
,	O
identity	O
,	O
and	O
affective	O
-	O
-	O
that	O
should	O
be	O
utilized	O
to	O
direct	O
the	O
application	O
of	O
couple	B-LSF
therapy	I-LSF
to	O
specific	O
patients	O
.	O

The	O
three	O
levels	O
are	O
illustrated	O
by	O
case	O
examples	O
.	O

Delineation	O
of	O
the	O
indications	O
for	O
couple	B-LSF
therapy	I-LSF
for	O
borderline	O
patients	O
will	O
foster	O
further	O
theoretical	O
and	O
empirical	O
work	O
in	O
the	O
area	O
.	O

Clothing	O
and	O
thermoregulation	O
during	O
exercise	B-LSF
.	O

Exercise	B-LSF
increases	O
heat	O
production	O
.	O

During	O
exercise	B-LSF
in	O
both	O
warm	O
and	O
cold	O
conditions	O
,	O
the	O
major	O
dilemma	O
is	O
the	O
dissipation	O
of	O
the	O
heat	O
produced	O
from	O
muscular	O
activity	B-LSF
.	O

The	O
use	O
of	O
clothing	O
generally	O
represents	O
a	O
layer	O
of	O
insulation	O
and	O
as	O
such	O
imposes	O
a	O
barrier	O
to	O
heat	O
transfer	O
and	O
evaporation	O
from	O
the	O
skin	O
surface	O
.	O

In	O
warm	B-LSF
environments	I-LSF
,	O
additional	O
clothing	O
increases	O
thermal	O
insulation	O
causing	O
more	O
rapid	O
increases	O
in	O
temperature	O
during	O
exercise	B-LSF
and	O
imposes	O
a	O
barrier	O
to	O
sweat	O
evaporation	O
.	O

However	O
,	O
clothing	O
can	O
serve	O
a	O
protective	O
function	O
by	O
reducing	O
radiant	O
heat	O
gain	O
and	O
thermal	O
stress	O
.	O

Recent	O
research	O
suggests	O
that	O
neither	O
the	O
inclusion	O
of	O
modest	O
amounts	O
of	O
clothing	O
nor	O
the	O
clothing	O
fabric	O
alter	O
thermoregulation	O
or	O
thermal	O
comfort	O
during	O
exercise	B-LSF
in	O
warm	O
conditions	O
.	O

In	O
the	O
cold	O
,	O
most	O
reports	O
do	O
not	O
support	O
an	O
effect	O
of	O
clothing	O
fabric	O
on	O
thermoregulation	O
;	O
however	O
,	O
there	O
are	O
reports	O
demonstrating	O
an	O
effect	O
.	O

Clothing	O
construction	O
does	O
alter	O
thermoregulation	O
during	O
and	O
following	O
exercise	B-LSF
in	O
the	O
cold	O
,	O
where	O
fishnet	O
construction	O
offers	O
greater	O
heat	O
dissipation	O
.	O

Future	O
research	O
should	O
include	O
conditions	O
that	O
more	O
closely	O
mimic	O
outdoor	O
conditions	O
,	O
where	O
high	O
work	B-LSF
rates	I-LSF
,	O
large	B-LSF
airflow	I-LSF
and	O
high	O
relative	B-LSF
humidity	I-LSF
can	O
significantly	O
impact	O
thermoregulation	O
.	O

Contribution	O
of	O
(	B-LSF
222	I-LSF
)	I-LSF
Rn	I-LSF
-	I-LSF
bearing	I-LSF
water	I-LSF
to	O
the	O
occupational	B-LSF
exposure	I-LSF
in	O
thermal	O
baths	O
.	O

The	O
present	O
study	O
investigates	O
the	O
short	O
-	O
and	O
long	O
-	O
term	O
effects	O
of	O
radon	B-LSF
(	O
(	B-LSF
222	I-LSF
)	I-LSF
Rn	I-LSF
)	O
released	O
from	O
water	O
on	O
the	O
progeny	B-LSF
exposure	I-LSF
in	O
a	O
thermal	O
spa	O
.	O

For	O
the	O
purposes	O
of	O
this	O
work	O
,	O
the	O
Polichnitos	O
spa	O
was	O
used	O
as	O
a	O
case	O
study	O
.	O

The	O
bathroom	O
was	O
supplied	O
with	O
water	O
containing	O
110	O
-	O
210	O
kBq	O
m	O
(	O
-	O
3	O
)	O
of	O
(	B-LSF
222	I-LSF
)	I-LSF
Rn	I-LSF
.	O

The	O
(	B-LSF
222	I-LSF
)	I-LSF
Rn	I-LSF
concentration	I-LSF
in	I-LSF
air	I-LSF
and	O
the	O
short	O
-	O
lived	O
(	B-LSF
222	I-LSF
)	I-LSF
Rn	I-LSF
progenies	O
in	O
attached	O
and	O
unattached	O
form	O
were	O
monitored	O
into	O
the	O
bathroom	O
and	O
the	O
surrounding	O
premises	O
.	O

The	O
equilibrium	O
factor	O
(	O
F	O
-	O
factor	O
)	O
and	O
the	O
unattached	O
fraction	O
were	O
estimated	O
.	O

The	O
results	O
of	O
this	O
study	O
show	O
that	O
water	O
flow	O
during	O
bath	O
filling	O
is	O
by	O
far	O
the	O
dominant	O
mechanism	O
by	O
which	O
(	B-LSF
222	I-LSF
)	I-LSF
Rn	I-LSF
is	O
released	O
in	O
the	O
air	O
of	O
the	O
bathroom	O
.	O

The	O
progeny	B-LSF
exposure	I-LSF
was	O
correlated	O
linearly	O
with	O
the	O
(	B-LSF
222	I-LSF
)	I-LSF
Rn	I-LSF
concentration	O
in	O
the	O
entering	O
water	O
.	O

The	O
annual	O
effective	O
dose	O
received	O
by	O
a	O
worker	O
was	O
found	O
to	O
be	O
below	O
the	O
lower	O
limit	O
value	O
of	O
3	O
mSv	O
recommended	O
by	O
ICRP	O
65	O
.	O

The	O
dose	O
limit	O
was	O
exceeded	O
only	O
for	O
water	O
containing	O
more	O
than	O
300	O
kBq	O
m	O
(	O
-	O
3	O
)	O
.	O

"	O
I	O
'	O
m	O
not	O
the	O
only	O
one	O
!	O
"	O
group	B-LSF
therapy	I-LSF
with	O
older	O
children	O
and	O
adolescents	O
who	O
have	O
learning	O
disabilities	O
.	O

Children	O
and	O
adolescents	O
with	O
learning	O
disabilities	O
(	O
LD	O
)	O
are	O
vulnerable	O
to	O
psychosocial	O
difficulties	O
.	O

Both	O
the	O
detrimental	O
impact	O
of	O
LD	O
on	O
social	B-LSF
adjustment	I-LSF
and	O
the	O
significance	O
of	O
peer	B-LSF
relations	I-LSF
for	O
developmental	O
needs	O
make	O
group	B-LSF
therapy	I-LSF
a	O
natural	O
intervention	O
.	O

Despite	O
modifications	O
that	O
are	O
required	O
due	O
to	O
their	O
cognitive	O
deficits	O
,	O
many	O
students	O
with	O
LD	O
fit	O
the	O
criteria	O
and	O
can	O
benefit	O
from	O
group	B-LSF
psychotherapy	I-LSF
.	O

In	O
this	O
paper	O
,	O
a	O
model	O
of	O
group	B-LSF
therapy	I-LSF
for	O
older	O
children	O
and	O
adolescents	O
with	O
LD	O
is	O
presented	O
.	O

The	O
approach	O
is	O
informed	O
by	O
a	O
combination	O
of	O
self	O
psychology	O
,	O
mutual	O
aid	O
,	O
and	O
interpersonal	B-LSF
group	I-LSF
therapy	I-LSF
.	O

The	O
leaders	O
use	O
special	O
techniques	O
to	O
accommodate	O
the	O
LD	O
and	O
to	O
foster	O
the	O
group	O
process	O
.	O

Examples	O
are	O
presented	O
to	O
illustrate	O
the	O
approach	O
.	O

The	O
ethical	O
group	O
psychotherapist	O
:	O
a	O
coda	O
.	O

This	O
concluding	O
article	O
of	O
a	O
two	O
-	O
part	O
special	O
section	O
on	O
the	O
ethical	O
group	O
psychotherapist	O
are	O
highlighted	O
:	O
(	O
1	O
)	O
the	O
importance	O
of	O
the	O
cultivation	O
of	O
the	O
skill	O
and	O
knowledge	O
base	O
of	O
the	O
group	O
psychotherapist	O
in	O
terms	O
of	O
pertinent	O
legal	O
statutes	O
and	O
ethical	O
guidelines	O
;	O
(	O
2	O
)	O
the	O
criticalness	O
of	O
certain	O
personality	O
features	O
related	O
to	O
the	O
concept	O
of	O
virtue	O
;	O
(	O
3	O
)	O
a	O
therapist	O
'	O
s	O
self	O
-	O
awareness	O
contributes	O
to	O
the	O
capacities	O
to	O
think	O
and	O
respond	O
ethically	O
;	O
(	O
4	O
)	O
ethical	O
decision	O
making	O
is	O
most	O
likely	O
to	O
occur	O
when	O
the	O
group	O
psychotherapist	O
attends	O
comprehensively	O
to	O
all	O
dimensions	O
that	O
define	O
the	O
setting	O
in	O
which	O
a	O
dilemma	O
emerges	O
;	O
and	O
(	O
5	O
)	O
that	O
in	O
the	O
service	O
of	O
positive	O
ethics	O
,	O
attention	O
to	O
the	O
ethical	O
dimensions	O
of	O
group	B-LSF
psychotherapy	I-LSF
practice	O
should	O
be	O
continuously	O
present	O
.	O

In	O
agreement	O
with	O
other	O
contributions	O
to	O
this	O
section	O
,	O
I	O
conclude	O
that	O
the	O
commitment	O
to	O
the	O
ethical	O
practice	O
of	O
group	B-LSF
psychotherapy	I-LSF
must	O
be	O
made	O
not	O
only	O
by	O
the	O
individual	O
practitioner	O
but	O
also	O
by	O
educational	O
and	O
training	O
programs	O
and	O
professional	O
organizations	O
.	O

Real	O
-	O
world	O
vehicle	B-LSF
emissions	I-LSF
:	O
a	O
summary	O
of	O
the	O
Seventeenth	O
Coordinating	O
Research	O
Council	O
On	O
-	O
Road	O
Vehicle	O
Emissions	O
Workshop	O
.	O

The	O
Coordinating	O
Research	O
Council	O
,	O
Inc	O
.	O

(	O
CRC	O
)	O
held	O
its	O
17th	O
On	O
-	O
Road	O
Vehicle	O
Emissions	O
Workshop	O
in	O
March	O
2007	O
,	O
where	O
results	O
of	O
the	O
most	O
recent	O
on	O
-	O
road	O
vehicle	O
emissions	O
research	O
were	O
presented	O
.	O

We	O
summarize	O
ongoing	O
work	O
from	O
researchers	O
who	O
are	O
engaged	O
in	O
improving	O
our	O
understanding	O
of	O
the	O
role	O
and	O
contribution	O
of	O
mobile	O
sources	O
to	O
ambient	O
air	B-LSF
quality	I-LSF
and	O
emission	O
inventories	O
.	O

Participants	O
in	O
the	O
Workshop	O
discussed	O
efforts	O
to	O
improve	O
mobile	O
source	O
emission	O
models	O
,	O
light	O
-	O
and	O
heavy	O
-	O
duty	O
vehicle	O
emissions	O
measurements	O
,	O
on	O
-	O
and	O
off	O
-	O
road	O
emissions	O
measurements	O
,	O
effects	O
of	O
fuels	B-LSF
and	O
lubricating	B-LSF
oils	I-LSF
on	O
emissions	B-LSF
,	O
as	O
well	O
as	O
emerging	O
issues	O
and	O
topics	O
for	O
future	O
research	O
.	O

Depressive	O
symptoms	O
among	O
female	B-LSF
college	I-LSF
students	I-LSF
experiencing	O
gender	B-LSF
-	I-LSF
based	I-LSF
violence	I-LSF
in	O
Awassa	O
,	O
Ethiopia	O
.	O

Little	O
epidemiologic	O
research	O
has	O
focused	O
on	O
the	O
mental	O
health	O
effects	O
of	O
gender	B-LSF
-	I-LSF
based	I-LSF
violence	I-LSF
among	O
sub	O
-	O
Saharan	O
African	O
women	O
.	O

The	O
objective	O
of	O
this	O
study	O
was	O
to	O
assess	O
risk	O
of	O
depression	O
and	O
depressive	O
symptoms	O
among	O
1	O
,	O
102	O
female	B-LSF
undergraduate	I-LSF
students	I-LSF
who	O
were	O
victims	O
of	O
gender	B-LSF
-	I-LSF
based	I-LSF
violence	I-LSF
.	O

Students	O
who	O
reported	O
experience	O
of	O
any	O
gender	B-LSF
-	I-LSF
based	I-LSF
violence	I-LSF
were	O
nearly	O
twice	O
as	O
likely	O
to	O
be	O
classified	O
as	O
having	O
moderate	O
depression	O
during	O
the	O
academic	O
year	O
(	O
OR	O
=	O
1	O
.	O
98	O
,	O
95	O
%	O
CI	O
=	O
1	O
.	O
39	O
-	O
2	O
.	O
82	O
)	O
as	O
compared	O
with	O
nonabused	O
students	O
.	O

Compared	O
with	O
nonabused	O
students	O
,	O
those	O
who	O
had	O
experienced	O
both	O
physical	B-LSF
and	I-LSF
sexual	I-LSF
abuse	I-LSF
were	O
4	O
times	O
more	O
likely	O
to	O
report	O
either	O
moderately	O
severe	O
(	O
OR	O
=	O
4	O
.	O
32	O
,	O
95	O
%	O
CI	O
=	O
2	O
.	O
00	O
-	O
9	O
.	O
31	O
)	O
or	O
severe	O
depressive	O
symptoms	O
(	O
OR	O
=	O
4	O
.	O
19	O
,	O
95	O
%	O
CI	O
=	O
1	O
.	O
01	O
-	O
17	O
.	O
43	O
)	O
.	O

Our	O
findings	O
,	O
consistent	O
with	O
previous	O
studies	O
,	O
support	O
the	O
thesis	O
that	O
women	O
'	O
s	O
mental	O
health	O
status	O
is	O
adversely	O
affected	O
by	O
exposure	O
to	O
gender	B-LSF
-	I-LSF
based	I-LSF
violence	I-LSF
.	O

An	O
in	O
-	O
session	O
exploration	O
of	O
ruptures	O
in	O
working	O
alliance	O
and	O
their	O
associations	O
with	O
clients	O
'	O
core	O
conflictual	O
relationship	O
themes	O
,	O
alliance	O
-	O
related	O
discourse	O
,	O
and	O
clients	O
'	O
postsession	O
evaluations	O
.	O

This	O
exploratory	O
study	O
examined	O
(	O
a	O
)	O
the	O
relationship	O
among	O
the	O
occurrence	O
of	O
ruptures	O
in	O
the	O
working	O
alliance	O
,	O
the	O
emergence	O
of	O
client	O
'	O
s	O
core	O
conflictual	O
relationship	O
themes	O
(	O
CCRT	O
)	O
,	O
and	O
focus	O
of	O
discourse	O
within	O
therapeutic	O
sessions	O
and	O
(	O
b	O
)	O
the	O
relationship	O
between	O
ruptures	O
in	O
the	O
working	O
alliance	O
and	O
client	O
'	O
s	O
postsession	O
evaluations	O
of	O
session	O
'	O
s	O
smoothness	O
and	O
depth	O
.	O

The	O
authors	O
included	O
151	O
sessions	O
from	O
five	O
therapies	B-LSF
conducted	O
in	O
a	O
student	O
counseling	B-LSF
center	I-LSF
.	O

Sessions	O
were	O
content	O
analyzed	O
by	O
independent	O
raters	O
,	O
and	O
a	O
self	O
-	O
report	O
questionnaire	O
was	O
given	O
to	O
clients	O
after	O
each	O
session	O
.	O

Ruptures	O
were	O
positively	O
related	O
to	O
the	O
emergence	O
of	O
clients	O
'	O
CCRT	O
during	O
the	O
session	O
,	O
but	O
only	O
when	O
the	O
therapist	O
was	O
addressed	O
as	O
the	O
"	O
other	O
.	O
"	O
Sessions	O
with	O
ruptures	O
were	O
characterized	O
by	O
heightened	O
discussion	O
of	O
working	O
alliance	O
components	O
and	O
were	O
evaluated	O
as	O
less	O
smooth	O
than	O
sessions	O
without	O
ruptures	O
.	O

Findings	O
are	O
discussed	O
,	O
and	O
the	O
importance	O
of	O
ruptures	O
in	O
working	O
alliance	O
for	O
therapeutic	O
change	O
is	O
emphasized	O
.	O

Toothpaste	B-LSF
use	I-LSF
by	I-LSF
children	I-LSF
,	O
oral	B-LSF
hygiene	I-LSF
,	O
and	O
nutritional	B-LSF
education	I-LSF
:	O
an	O
assessment	O
of	O
parental	O
performance	O
.	O

PURPOSE	O
:	O
The	O
aim	O
of	O
this	O
study	O
was	O
to	O
determine	O
oral	B-LSF
health	I-LSF
habits	I-LSF
and	O
educational	O
needs	O
of	O
children	O
as	O
reported	O
by	O
their	O
parents	O
or	O
guardians	O
attending	O
a	O
health	O
fair	O
in	O
West	O
Virginia	O
.	O

METHODS	O
:	O
Parents	O
and	O
/	O
or	O
guardians	O
completed	O
a	O
questionnaire	O
about	O
the	O
oral	B-LSF
hygiene	I-LSF
care	O
,	O
food	B-LSF
and	I-LSF
beverage	I-LSF
consumption	I-LSF
of	O
their	O
children	O
.	O

They	O
also	O
demonstrated	O
the	O
amount	O
of	O
toothpaste	B-LSF
applied	O
to	O
their	O
children	O
'	O
s	O
toothbrush	O
.	O

Toothpaste	B-LSF
samples	O
were	O
then	O
weighed	O
.	O

RESULTS	O
:	O
Eighty	O
-	O
seven	O
parents	O
or	O
guardians	O
participated	O
.	O

An	O
average	O
of	O
0	O
.	O
53	O
mg	O
of	O
toothpaste	B-LSF
was	O
dispensed	O
per	O
brushing	O
,	O
almost	O
double	O
the	O
recommended	O
amount	O
.	O

Most	O
of	O
the	O
parents	O
or	O
guardians	O
(	O
75	O
%	O
)	O
indicated	O
their	O
children	O
had	O
brushed	O
twice	O
the	O
day	O
prior	O
to	O
completing	O
the	O
questionnaire	O
.	O

Only	O
21	O
%	O
reported	O
that	O
their	O
children	O
'	O
s	O
teeth	O
had	O
been	O
flossed	O
.	O

Most	O
children	O
had	O
a	O
limited	O
soda	B-LSF
,	O
sweet	B-LSF
drinks	I-LSF
,	O
and	O
fruit	B-LSF
juice	I-LSF
intake	O
.	O

CONCLUSIONS	O
:	O
Participants	O
were	O
apparently	O
knowledgeable	O
about	O
prevention	O
,	O
the	O
need	O
to	O
limit	O
sugary	B-LSF
beverages	I-LSF
,	O
and	O
the	O
importance	O
of	O
brushing	B-LSF
twice	O
a	O
day	O
.	O

They	O
were	O
not	O
as	O
knowledgeable	O
about	O
the	O
need	O
for	O
flossing	O
,	O
providing	O
fruits	B-LSF
and	O
vegetables	B-LSF
to	O
their	O
children	O
,	O
the	O
significance	O
of	O
not	O
skipping	B-LSF
a	I-LSF
meal	I-LSF
,	O
or	O
the	O
appropriate	O
amount	O
of	O
toothpaste	B-LSF
use	I-LSF
.	O

Predicting	O
the	O
determinants	O
of	O
users	O
'	O
intentions	O
for	O
using	B-LSF
YouTube	I-LSF
to	O
share	O
video	O
:	O
moderating	O
gender	O
effects	O
.	O

This	O
research	O
aims	O
to	O
improve	O
understanding	O
of	O
what	O
motivates	O
individual	O
online	O
users	O
to	O
share	O
their	O
videos	O
on	O
YouTube	O
and	O
whether	O
gender	O
affects	O
those	O
motivations	O
.	O

The	O
work	O
proposes	O
a	O
model	O
based	O
on	O
the	O
technology	O
acceptance	O
model	O
(	O
TAM	O
)	O
and	O
social	O
influences	O
theory	O
by	O
conducting	O
a	O
survey	O
of	O
206	O
male	O
and	O
135	O
female	O
video	O
sharers	O
of	O
YouTube	O
to	O
test	O
this	O
model	O
.	O

The	O
results	O
indicate	O
that	O
perceived	O
ease	O
of	O
use	O
is	O
an	O
important	O
determinant	O
of	O
the	O
intention	O
to	O
use	B-LSF
YouTube	I-LSF
to	O
share	O
video	O
.	O

All	O
factors	O
from	O
the	O
social	O
influence	O
perspective	O
significantly	O
affect	O
the	O
intention	O
to	O
use	B-LSF
YouTube	I-LSF
to	O
share	O
video	O
.	O

The	O
results	O
show	O
that	O
differences	O
exist	O
in	O
sharing	O
behavior	O
between	O
female	O
and	O
male	O
users	O
.	O

Female	O
users	O
'	O
intention	O
is	O
strongly	O
influenced	O
by	O
usefulness	O
and	O
social	O
norms	O
,	O
while	O
male	O
users	O
'	O
intention	O
is	O
strongly	O
influenced	O
by	O
interpersonal	O
norms	O
.	O

Based	O
on	O
those	O
findings	O
,	O
implications	O
for	O
theory	O
and	O
practice	O
are	O
discussed	O
.	O

Metaphors	O
as	O
contextual	O
evidence	O
for	O
engaging	O
Haitian	O
clients	O
in	O
practice	O
:	O
a	O
case	O
study	O
.	O

Haitian	O
immigrants	O
remain	O
underserved	O
in	O
the	O
United	O
States	O
(	O
U	O
.	O
S	O
.	O
)	O
,	O
despite	O
their	O
large	O
presence	O
and	O
their	O
visibility	O
,	O
which	O
increased	O
after	O
the	O
January	O
12	O
,	O
2010	O
earthquake	O
.	O

Employing	O
cultural	O
-	O
specific	O
practice	O
strategies	O
to	O
engage	O
Haitians	O
in	O
the	O
U	O
.	O
S	O
.	O
who	O
experienced	O
loss	O
in	O
their	O
social	O
networks	O
,	O
requires	O
understanding	O
the	O
context	O
of	O
their	O
ecological	O
culture	O
and	O
consideration	O
of	O
relevant	O
linguistic	O
and	O
cultural	O
elements	O
.	O

Through	O
a	O
case	O
example	O
,	O
we	O
describe	O
the	O
use	O
of	O
metaphors	O
in	O
cultural	O
language	O
as	O
part	O
of	O
a	O
strategy	O
used	O
to	O
engage	O
a	O
Haitian	O
immigrant	O
with	O
symptoms	O
of	O
posttraumatic	O
stress	O
disorder	O
.	O

Outcomes	O
indicate	O
that	O
the	O
use	O
of	O
storytelling	O
and	O
metaphors	O
facilitate	O
disclosure	O
of	O
clients	O
'	O
worldviews	O
,	O
experiences	O
,	O
feelings	O
and	O
hopes	O
in	O
a	O
safe	O
environment	O
while	O
providing	O
them	O
with	O
tools	O
to	O
determine	O
progress	O
.	O

We	O
identify	O
four	O
practice	O
guidelines	O
for	O
intervention	O
strategies	O
with	O
ethnic	O
minority	O
groups	O
who	O
share	O
similar	O
cultural	O
contexts	O
.	O

Metaphors	O
,	O
which	O
are	O
a	O
viable	O
approach	O
to	O
practice	O
,	O
focus	O
on	O
cultural	O
strengths	O
and	O
resiliencies	O
over	O
traditional	O
models	O
of	O
deficit	O
and	O
can	O
enhance	O
access	O
to	O
needed	O
effective	O
services	O
for	O
underserved	O
populations	O
,	O
such	O
as	O
Haitians	O
in	O
the	O
United	O
States	O
.	O

Phenolic	B-LSF
composition	I-LSF
,	O
antioxidant	O
and	O
enzyme	O
inhibitory	O
activities	O
of	O
Eryngium	O
bornmuelleri	O
leaf	B-LSF
.	O

Eryngium	O
bornmuelleri	O
Nab	O
.	O

(	O
Tusi	O
)	O
is	O
an	O
endemic	O
botanical	O
from	O
the	O
Eastern	O
Anatolia	O
region	O
of	O
Turkey	O
traditionally	O
used	O
for	O
preparation	O
of	O
herbal	B-LSF
tea	I-LSF
.	O

Within	O
this	O
study	O
,	O
phenolic	B-LSF
composition	I-LSF
,	O
antioxidant	B-LSF
capacities	I-LSF
and	O
inhibitory	O
activities	O
towards	O
selected	O
digestive	O
enzymes	O
of	O
E	O
.	O
bornmuelleri	O
leaf	B-LSF
were	O
investigated	O
.	O

Sequential	O
extracts	O
,	O
obtained	O
by	O
extraction	O
of	O
plant	O
tissue	O
by	O
ethanol	O
,	O
acetone	O
and	O
water	O
exhibited	O
pronounced	O
antioxidant	B-LSF
capacities	I-LSF
and	O
in	O
a	O
dose	O
-	O
dependent	O
manner	O
suppressed	O
the	O
metabolic	O
syndrome	O
related	O
enzymes	O
:	O
alpha	O
-	O
amylase	O
,	O
alpha	O
-	O
glucosidase	O
and	O
pancreatic	O
lipase	O
.	O

All	O
extracts	O
contained	O
high	O
levels	O
of	O
phenolic	B-LSF
compounds	I-LSF
.	O

Flavonoid	B-LSF
glycosides	I-LSF
were	O
the	O
main	O
phytochemicals	B-LSF
detected	O
,	O
with	O
rutin	B-LSF
as	O
the	O
major	O
compound	O
(	O
70	O
%	O
of	O
total	O
phenolics	B-LSF
)	O
.	O

Chlorogenic	B-LSF
,	I-LSF
hydroxybenzoic	I-LSF
and	I-LSF
caftaric	I-LSF
acids	I-LSF
as	O
well	O
as	O
traces	O
of	O
caffeic	B-LSF
,	I-LSF
ferulic	I-LSF
and	I-LSF
rosmarinic	I-LSF
acids	I-LSF
were	O
also	O
detected	O
.	O

Correlation	O
analysis	O
indicated	O
that	O
phenolic	B-LSF
compounds	I-LSF
were	O
the	O
major	O
sources	O
of	O
the	O
enzyme	O
-	O
inhibitory	O
activities	O
.	O

This	O
study	O
suggests	O
that	O
E	O
.	O
bornmuelleri	O
leaf	B-LSF
extracts	I-LSF
can	O
modulate	O
the	O
metabolism	O
of	O
sugars	B-LSF
and	O
fats	B-LSF
through	O
inhibition	O
of	O
the	O
relevant	O
digestive	O
enzymes	O
.	O

Integrated	O
testing	O
strategy	O
(	O
ITS	O
)	O
for	O
bioaccumulation	O
assessment	O
under	O
REACH	O
.	O

REACH	O
(	O
registration	O
,	O
evaluation	O
,	O
authorisation	O
and	O
restriction	O
of	O
chemicals	O
)	O
regulation	O
requires	O
that	O
all	O
the	O
chemicals	O
produced	O
or	O
imported	O
in	O
Europe	O
above	O
1	O
tonne	O
/	O
year	O
are	O
registered	O
.	O

To	O
register	O
a	O
chemical	O
,	O
physicochemical	O
,	O
toxicological	O
and	O
ecotoxicological	O
information	O
needs	O
to	O
be	O
reported	O
in	O
a	O
dossier	O
.	O

REACH	O
promotes	O
the	O
use	O
of	O
alternative	O
methods	O
to	O
replace	O
,	O
refine	O
and	O
reduce	O
the	O
use	O
of	O
animal	O
(	O
eco	O
)	O
toxicity	O
testing	O
.	O

Within	O
the	O
EU	O
OSIRIS	O
project	O
,	O
integrated	O
testing	O
strategies	O
(	O
ITSs	O
)	O
have	O
been	O
developed	O
for	O
the	O
rational	O
use	O
of	O
non	O
-	O
animal	O
testing	O
approaches	O
in	O
chemical	O
hazard	O
assessment	O
.	O

Here	O
we	O
present	O
an	O
ITS	O
for	O
evaluating	O
the	O
bioaccumulation	O
potential	O
of	O
organic	B-LSF
chemicals	I-LSF
.	O

The	O
scheme	O
includes	O
the	O
use	O
of	O
all	O
available	O
data	O
(	O
also	O
the	O
non	O
-	O
optimal	O
ones	O
)	O
,	O
waiving	O
schemes	O
,	O
analysis	O
of	O
physicochemical	O
properties	O
related	O
to	O
the	O
end	O
point	O
and	O
alternative	O
methods	O
(	O
both	O
in	O
silico	O
and	O
in	O
vitro	O
)	O
.	O

In	O
vivo	O
methods	O
are	O
used	O
only	O
as	O
last	O
resort	O
.	O

Using	O
the	O
ITS	O
,	O
in	O
vivo	O
testing	O
could	O
be	O
waived	O
for	O
about	O
67	O
%	O
of	O
the	O
examined	O
compounds	O
,	O
but	O
bioaccumulation	O
potential	O
could	O
be	O
estimated	O
on	O
the	O
basis	O
of	O
non	O
-	O
animal	O
methods	O
.	O

The	O
presented	O
ITS	O
is	O
freely	O
available	O
through	O
a	O
web	O
tool	O
.	O

Why	O
do	O
psychotherapists	O
participate	O
in	O
psychotherapy	B-LSF
research	O
and	O
why	O
not	O
?	O

Results	O
of	O
the	O
Attitudes	O
to	O
Psychotherapy	O
Research	O
Questionnaire	O
with	O
a	O
sample	O
of	O
experienced	O
German	O
psychotherapists	O
.	O

OBJECTIVE	O
:	O
Psychotherapy	B-LSF
research	O
needs	O
to	O
convince	O
psychotherapists	O
to	O
contribute	O
their	O
time	O
and	O
effort	O
to	O
participate	O
.	O

The	O
present	O
paper	O
describes	O
the	O
development	O
and	O
first	O
results	O
of	O
the	O
Attitudes	O
to	O
Psychotherapy	O
Research	O
Questionnaire	O
(	O
APRQ	O
)	O
.	O

METHOD	O
:	O
The	O
APRQ	O
and	O
additional	O
qualitative	O
questions	O
about	O
exclusion	O
criteria	O
for	O
participation	O
were	O
filled	O
out	O
by	O
a	O
sample	O
of	O
365	O
therapists	O
(	O
psychoanalytic	O
,	O
psychodynamic	O
,	O
and	O
cognitive	O
-	O
behavioral	O
)	O
during	O
an	O
Internet	O
-	O
based	O
research	O
survey	O
.	O

RESULTS	O
:	O
A	O
principle	O
component	O
analysis	O
yielded	O
six	O
factors	O
:	O
Benefits	O
,	O
Damage	O
,	O
Legitimation	O
,	O
Self	O
-	O
doubt	O
,	O
Effectiveness	O
Doubt	O
and	O
External	O
Reasons	O
.	O

Age	O
,	O
external	O
reasons	O
and	O
benefits	O
predicted	O
willingness	O
to	O
participate	O
independent	O
of	O
therapeutic	O
school	O
.	O

DISCUSSION	O
:	O
Results	O
show	O
a	O
changing	O
trend	O
to	O
more	O
positive	O
attitudes	O
to	O
psychotherapy	B-LSF
research	O
.	O

To	O
be	O
willing	O
to	O
participate	O
in	O
future	O
research	O
,	O
therapists	O
expected	O
high	O
quality	O
designs	O
,	O
financial	O
compensation	O
,	O
and	O
personal	O
gains	O
.	O

Longitudinal	O
Association	O
Between	O
Physical	B-LSF
Activity	I-LSF
and	O
Body	O
Fat	O
During	O
Adolescence	O
:	O
A	O
Systematic	O
Review	O
.	O

BACKGROUND	O
:	O
Physical	B-LSF
activity	I-LSF
(	O
PA	B-LSF
)	O
practice	O
has	O
been	O
inversely	O
associated	O
to	O
body	O
fat	O
(	O
BF	O
)	O
and	O
recommended	O
as	O
a	O
way	O
to	O
reduce	O
and	O
prevent	O
obesity	O
.	O

The	O
objective	O
of	O
this	O
study	O
was	O
to	O
conduct	O
a	O
systematic	O
review	O
on	O
the	O
association	O
of	O
PA	B-LSF
and	O
BF	O
in	O
adolescence	O
.	O

METHODS	O
:	O
The	O
review	O
includes	O
18	O
longitudinal	O
studies	O
found	O
in	O
the	O
PubMed	O
database	O
,	O
comprising	O
papers	O
published	O
from	O
January	O
1990	O
to	O
July	O
2014	O
.	O

Studies	O
assessing	O
BF	O
only	O
through	O
body	O
mass	O
index	O
were	O
excluded	O
.	O

RESULTS	O
:	O
Among	O
the	O
outcomes	O
analyzed	O
,	O
waist	O
circumference	O
,	O
skinfolds	O
,	O
and	O
absolute	O
and	O
relative	O
fat	O
mass	O
measurement	O
were	O
identified	O
.	O

Questionnaires	O
were	O
the	O
more	O
predominant	O
way	O
to	O
evaluate	O
PA	B-LSF
.	O

Most	O
studies	O
showed	O
that	O
PA	B-LSF
promotes	O
a	O
protective	O
effect	O
against	O
a	O
higher	O
BF	O
gain	O
.	O

CONCLUSION	O
:	O
It	O
was	O
concluded	O
that	O
PA	B-LSF
has	O
a	O
protective	O
effect	O
against	O
BF	O
with	O
differences	O
between	O
the	O
genders	O
and	O
according	O
to	O
the	O
BF	O
marker	O
or	O
measurement	O
assessed	O
;	O
higher	B-LSF
intensity	I-LSF
PA	I-LSF
leads	O
to	O
a	O
greater	O
effect	O
against	O
BF	O
gain	O
in	O
both	O
genders	O
;	O
and	O
the	O
maintenance	O
or	O
increase	O
of	O
PA	B-LSF
level	I-LSF
on	O
BF	O
observed	O
through	O
analysis	O
of	O
change	O
in	O
PA	B-LSF
level	I-LSF
yielded	O
more	O
consistent	O
findings	O
in	O
the	O
relation	O
between	O
PA	B-LSF
and	O
BF	O
.	O

Continuing	O
education	O
.	O

A	O
large	O
,	O
representative	O
sample	O
of	O
licensed	O
dental	O
hygienists	O
practicing	O
in	O
the	O
United	O
States	O
was	O
surveyed	O
by	O
ADHA	O
regarding	O
dental	B-LSF
hygiene	I-LSF
demographics	O
,	O
office	O
characteristics	O
,	O
supervision	O
and	O
practice	O
behavior	O
,	O
infection	O
control	O
practices	O
,	O
utilization	O
of	O
medical	O
and	O
dental	O
histories	O
,	O
and	O
continuing	O
education	O
.	O

This	O
paper	O
presents	O
the	O
continuing	O
education	O
portion	O
of	O
this	O
survey	O
and	O
specifically	O
explores	O
relationships	O
among	O
descriptive	O
variables	O
such	O
as	O
dental	O
hygienists	O
'	O
ages	O
,	O
types	O
of	O
practice	O
,	O
membership	O
in	O
ADHA	O
,	O
continuing	O
education	O
courses	O
attended	O
,	O
and	O
interest	O
versus	O
need	O
in	O
continuing	O
education	O
course	O
attendance	O
.	O

Results	O
indicate	O
that	O
continuing	O
education	O
participation	O
is	O
most	O
likely	O
for	O
dental	O
hygienists	O
under	O
25	O
years	O
of	O
age	O
and	O
who	O
are	O
working	O
over	O
30	O
hours	O
per	O
week	O
in	O
a	O
speciality	O
office	O
which	O
employs	O
seven	O
or	O
more	O
staff	O
members	O
.	O

Comparisons	O
among	O
dentist	O
,	O
dental	O
hygienist	O
,	O
and	O
dental	O
assistant	O
participation	O
were	O
made	O
for	O
selected	O
continuing	O
education	O
topics	O
.	O

According	O
to	O
the	O
respondents	O
,	O
more	O
dental	O
hygienists	O
than	O
dentists	O
or	O
dental	O
assistants	O
have	O
participated	O
in	O
continuing	O
education	O
courses	O
on	O
blood	O
pressure	O
measurement	O
,	O
aseptic	O
technique	O
,	O
AIDs	O
,	O
and	O
cardiopulmonary	O
resuscitation	O
.	O

Dental	O
hygienists	O
perceived	O
a	O
need	O
for	O
attendance	O
by	O
all	O
dental	O
personnel	O
in	O
selected	O
continuing	O
education	O
programs	O
.	O

Alternate	O
rapid	O
maxillary	O
expansion	O
-	O
constriction	O
and	O
tooth	O
-	O
borne	O
symphyseal	O
distraction	O
osteogenesis	O
:	O
A	O
case	O
report	O
demonstrating	O
treatment	O
of	O
a	O
patient	O
with	O
severe	O
crowding	O
.	O

Surgically	O
assisted	O
rapid	O
mandibular	O
expansion	O
is	O
a	O
contemporary	O
treatment	O
alternative	O
to	O
enable	O
genuine	O
skeletal	O
mandibular	O
widening	O
.	O

Mandibular	O
widening	O
via	O
a	O
tooth	O
-	O
borne	O
distractor	O
is	O
a	O
practical	O
and	O
noninvasive	O
clinical	O
approach	O
.	O

Recently	O
,	O
to	O
expand	O
and	O
protract	O
the	O
maxilla	O
,	O
the	O
alternate	O
rapid	O
maxillary	O
expansion	O
-	O
and	O
-	O
constriction	O
procedure	O
was	O
suggested	O
.	O

In	O
this	O
case	O
report	O
,	O
we	O
describe	O
a	O
female	O
patient	O
(	O
12	O
years	O
7	O
months	O
old	O
)	O
having	O
severe	O
maxillary	O
and	O
mandibular	O
crowding	O
who	O
underwent	O
repeated	O
alternate	O
rapid	O
maxillary	O
expansion	O
and	O
constriction	O
in	O
combination	O
with	O
tooth	O
-	O
borne	O
symphyseal	O
distraction	O
osteogenesis	O
.	O

Virtual	O
setup	O
:	O
application	O
in	O
orthodontic	B-LSF
practice	I-LSF
.	O

BACKGROUND	O
:	O
A	O
plaster	O
dental	O
model	O
is	O
a	O
patient	O
'	O
s	O
traditional	O
three	O
-	O
dimensional	O
(	O
3D	O
)	O
record	O
.	O

If	O
the	O
dental	O
crowns	O
from	O
a	O
plaster	O
model	O
are	O
separated	O
and	O
positioned	O
in	O
wax	O
,	O
this	O
setup	O
of	O
the	O
crowns	O
can	O
be	O
used	O
to	O
simulate	O
orthodontic	B-LSF
treatment	I-LSF
.	O

The	O
traditional	O
way	O
to	O
make	O
this	O
dental	O
setup	O
requires	O
significant	O
time	O
by	O
the	O
orthodontist	O
and	O
in	O
the	O
orthodontic	B-LSF
lab	O
.	O

New	O
developments	O
in	O
dentistry	O
and	O
orthodontics	B-LSF
include	O
the	O
possibility	O
of	O
virtual	O
setups	O
.	O

AIM	O
:	O
In	O
this	O
article	O
,	O
the	O
differences	O
between	O
conventional	O
setups	O
with	O
plaster	O
models	O
and	O
virtual	O
setups	O
are	O
discussed	O
.	O

METHODS	O
:	O
A	O
clinical	O
patient	O
is	O
described	O
for	O
whom	O
two	O
different	O
setups	O
were	O
made	O
and	O
compared	O
by	O
model	O
superimposition	O
with	O
Geomagic	O
Qualify	O
software	O
.	O

RESULTS	O
:	O
According	O
to	O
the	O
literature	O
and	O
the	O
results	O
from	O
this	O
study	O
,	O
virtual	O
setups	O
and	O
conventional	O
setups	O
with	O
plaster	O
models	O
are	O
equally	O
accurate	O
.	O

CONCLUSION	O
:	O
Virtual	O
setups	O
present	O
several	O
advantages	O
,	O
e	O
.	O
g	O
.	O
,	O
digital	O
storage	O
,	O
digital	O
models	O
cannot	O
be	O
damaged	O
,	O
the	O
same	O
model	O
can	O
undergo	O
several	O
treatment	O
simulations	O
,	O
and	O
communication	O
between	O
dental	O
and	O
surgical	O
professionals	O
and	O
between	O
dental	O
professionals	O
and	O
patients	O
is	O
facilitated	O
.	O

Despite	O
these	O
advantages	O
,	O
considerable	O
time	O
and	O
training	O
are	O
needed	O
for	O
dental	O
professionals	O
to	O
master	O
and	O
adopt	O
the	O
general	O
use	O
of	O
digital	O
models	O
and	O
virtual	O
setups	O
in	O
dentistry	O
.	O

The	O
Associations	O
Between	O
Urbanicity	B-LSF
and	O
Physical	B-LSF
Activity	I-LSF
and	O
Sitting	B-LSF
Time	I-LSF
in	O
Mexico	O
.	O

BACKGROUND	O
:	O
Approximately	O
17	O
.	O
4	O
%	O
of	O
people	O
in	O
Mexico	O
self	O
-	O
report	O
physical	B-LSF
activity	I-LSF
levels	O
below	O
the	O
World	O
Health	O
Organization	O
'	O
s	O
guidelines	O
and	O
an	O
average	O
sedentary	B-LSF
time	I-LSF
of	O
16	O
hours	O
per	O
day	O
.	O
(	O
1	O
)	O
Low	B-LSF
physical	I-LSF
activity	I-LSF
has	O
been	O
associated	O
with	O
noncommunicable	O
disease	O
risk	O
factors	O
and	O
previous	O
research	O
suggests	O
that	O
urbanicity	B-LSF
might	O
be	O
an	O
important	O
determinant	O
of	O
physical	B-LSF
activity	I-LSF
.	O

The	O
aim	O
of	O
this	O
study	O
was	O
to	O
measure	O
urbanicity	B-LSF
in	O
Mexico	O
and	O
assess	O
if	O
it	O
is	O
associated	O
with	O
physical	B-LSF
activity	I-LSF
and	O
sitting	B-LSF
time	I-LSF
.	O

METHODS	O
:	O
A	O
sample	O
of	O
2880	O
men	O
and	O
4211	O
women	O
aged	O
20	O
to	O
69	O
was	O
taken	O
from	O
the	O
2012	O
Mexico	O
National	O
Health	O
and	O
Nutrition	O
Survey	O
and	O
multivariable	O
linear	O
regression	O
models	O
were	O
used	O
to	O
examine	O
the	O
association	O
between	O
physical	B-LSF
activity	I-LSF
,	O
sitting	B-LSF
time	I-LSF
and	O
urbanicity	B-LSF
;	O
adjusting	O
for	O
sex	O
,	O
education	B-LSF
level	I-LSF
,	O
socioeconomic	B-LSF
status	I-LSF
and	O
Body	O
Mass	O
Index	O
.	O

The	O
urbanicity	O
score	O
and	O
the	O
7	O
urbanicity	O
subscores	O
were	O
estimated	O
from	O
the	O
CENSUS	O
2010	O
.	O

RESULTS	O
:	O
The	O
subscores	O
of	O
demographic	O
,	O
economic	O
activity	O
,	O
diversity	O
and	O
communication	O
were	O
negatively	O
associated	O
with	O
physical	B-LSF
activity	I-LSF
.	O

Sitting	B-LSF
time	I-LSF
was	O
positively	O
associated	O
with	O
the	O
overall	O
urbanicity	B-LSF
,	O
and	O
the	O
demographic	O
and	O
health	O
subscores	O
.	O

CONCLUSIONS	O
:	O
There	O
was	O
evidence	O
of	O
associations	O
between	O
urbanicity	B-LSF
and	O
physical	B-LSF
activity	I-LSF
in	O
Mexico	O
.	O

Coding	O
"	O
We	O
-	O
ness	O
"	O
in	O
couple	O
'	O
s	O
relationship	O
stories	O
:	O
A	O
method	O
for	O
assessing	O
mutuality	O
in	O
couple	B-LSF
therapy	I-LSF
.	O

OBJECTIVE	O
:	O
"	O
We	O
-	O
ness	O
,	O
"	O
a	O
couple	O
'	O
s	O
mutual	O
investment	O
in	O
their	O
relationship	O
and	O
in	O
each	O
other	O
,	O
has	O
been	O
found	O
to	O
be	O
a	O
potent	O
dimension	O
of	O
couple	O
resilience	O
.	O

This	O
study	O
examined	O
the	O
development	O
of	O
a	O
method	O
to	O
capture	O
We	O
-	O
ness	O
in	O
psychotherapy	B-LSF
through	O
the	O
coding	O
of	O
relationship	O
narratives	O
co	O
-	O
constructed	O
by	O
couples	O
(	O
"	O
We	O
-	O
Stories	O
"	O
)	O
.	O

It	O
used	O
a	O
coding	O
system	O
to	O
identify	O
the	O
core	O
thematic	O
elements	O
that	O
make	O
up	O
these	O
narratives	O
.	O

METHOD	O
:	O
Couples	O
that	O
self	O
-	O
identified	O
as	O
"	O
happy	O
"	O
(	O
N	O
=	O
53	O
)	O
generated	O
We	O
-	O
Stories	O
and	O
completed	O
measures	O
of	O
relationship	B-LSF
satisfaction	I-LSF
and	O
mutuality	O
.	O

These	O
stories	O
were	O
then	O
coded	O
using	O
the	O
We	O
-	O
Stories	O
coding	O
manual	O
.	O

RESULTS	O
AND	O
CONCLUSIONS	O
:	O
Findings	O
indicated	O
that	O
security	O
,	O
an	O
element	O
that	O
involves	O
aspects	O
of	O
safety	O
,	O
support	O
,	O
and	O
commitment	O
,	O
was	O
most	O
common	O
,	O
appearing	O
in	O
58	O
.	O
5	O
%	O
of	O
all	O
narratives	O
.	O

This	O
element	O
was	O
followed	O
by	O
the	O
elements	O
of	O
pleasure	O
(	O
49	O
.	O
1	O
%	O
)	O
and	O
shared	O
meaning	O
/	O
vision	O
(	O
37	O
.	O
7	O
%	O
)	O
.	O

The	O
number	O
of	O
"	O
We	O
-	O
ness	O
"	O
elements	O
was	O
also	O
correlated	O
with	O
and	O
predictive	O
of	O
discrepancy	O
scores	O
on	O
measures	O
of	O
relationship	O
mutuality	O
,	O
indicating	O
the	O
validity	O
of	O
the	O
We	O
-	O
Stories	O
coding	O
manual	O
.	O

Limitations	O
and	O
future	O
directions	O
are	O
discussed	O
.	O

Not	O
only	O
limbs	O
in	O
atypical	O
restless	O
legs	O
syndrome	O
.	O

Restless	O
legs	O
syndrome	O
(	O
RLS	O
)	O
typically	O
affects	O
the	O
limbs	O
,	O
but	O
the	O
involvement	O
of	O
other	O
body	O
parts	O
has	O
also	O
been	O
reported	O
.	O

In	O
this	O
essay	O
,	O
we	O
critically	O
review	O
all	O
literature	O
reports	O
of	O
atypical	O
RLS	O
cases	O
with	O
unusual	O
localizations	O
.	O

Applying	O
the	O
updated	O
diagnostic	O
criteria	O
of	O
the	O
International	O
restless	O
legs	O
syndrome	O
study	O
group	O
(	O
IRLSSG	O
)	O
,	O
which	O
also	O
consider	O
symptoms	O
localized	O
outside	O
of	O
the	O
lower	O
limbs	O
,	O
a	O
few	O
of	O
these	O
atypical	O
cases	O
reported	O
in	O
the	O
previous	O
literature	O
resulted	O
in	O
a	O
definitive	O
diagnosis	O
of	O
RLS	O
.	O

We	O
also	O
discuss	O
the	O
relationship	O
between	O
RLS	O
and	O
burning	O
mouth	O
syndrome	O
(	O
BMS	O
)	O
or	O
restless	O
genital	O
syndrome	O
(	O
RGS	O
)	O
.	O

We	O
conclude	O
clinical	O
sleep	O
specialists	O
should	O
be	O
aware	O
of	O
unusual	O
RLS	O
localizations	O
because	O
they	O
respond	O
to	O
the	O
usual	O
treatment	O
for	O
RLS	O
.	O

All	O
the	O
IRLSSG	O
diagnostic	O
criteria	O
should	O
be	O
applied	O
in	O
every	O
suspected	O
case	O
,	O
in	O
order	O
to	O
establish	O
a	O
correct	O
diagnosis	O
of	O
this	O
disabling	O
but	O
treatable	O
condition	O
.	O

Potential	O
Mandated	O
Lowering	O
of	O
Nicotine	B-LSF
Levels	O
in	O
Cigarettes	B-LSF
:	O
A	O
Plant	O
Perspective	O
.	O

The	O
Food	O
and	O
Drug	O
Administration	O
has	O
announced	O
the	O
potential	O
for	O
mandated	O
lowering	O
of	O
nicotine	B-LSF
levels	O
in	O
combustible	B-LSF
cigarettes	I-LSF
.	O

The	O
World	O
Health	O
Organization	O
has	O
recommended	O
a	O
lowering	O
of	O
cigarette	B-LSF
filler	I-LSF
nicotine	I-LSF
levels	O
to	O
below	O
0	O
.	O
4	O
mg	O
/	O
g	O
.	O

To	O
devise	O
appropriate	O
nicotine	B-LSF
control	O
strategies	O
,	O
regulators	O
must	O
consider	O
technical	O
feasibility	O
,	O
timelines	O
for	O
compliance	O
,	O
and	O
potential	O
impediments	O
to	O
implementation	O
.	O

Outlined	O
here	O
is	O
previously	O
unsummarized	O
information	O
on	O
genetic	O
approaches	O
that	O
might	O
be	O
used	O
to	O
reduce	O
nicotine	B-LSF
levels	O
in	O
cured	B-LSF
tobacco	I-LSF
leaves	I-LSF
.	I-LSF

For	O
the	O
benefit	O
of	O
regulators	O
,	O
altered	O
alkaloid	O
or	O
toxicant	O
profiles	O
that	O
might	O
result	O
by	O
implementation	O
of	O
some	O
of	O
these	O
methodologies	O
are	O
discussed	O
.	O

Also	O
mentioned	O
are	O
potential	O
licensing	O
or	O
regulatory	O
impediments	O
to	O
use	O
of	O
some	O
of	O
the	O
technologies	O
per	O
se	O
.	O

Implications	O
:	O
An	O
understanding	O
of	O
technical	O
feasibility	O
of	O
plant	B-LSF
-	I-LSF
based	I-LSF
nicotine	I-LSF
reduction	O
technologies	O
,	O
along	O
with	O
the	O
potential	O
for	O
corresponding	O
alterations	O
in	O
alkaloid	O
or	O
toxicant	O
profiles	O
,	O
is	O
needed	O
by	O
regulators	O
to	O
develop	O
effective	O
nicotine	B-LSF
control	O
strategies	O
with	O
minimal	O
impediments	O
or	O
undesirable	O
consequences	O
.	O

Research	O
on	O
electroencephalogram	O
to	O
measure	O
thermal	O
pleasure	O
in	O
thermal	O
alliesthesia	O
in	O
temperature	O
step	O
-	O
change	O
environment	O
.	O

Thermal	O
pleasure	O
is	O
currently	O
measured	O
along	O
psychological	O
and	O
physiological	O
variables	O
.	O

However	O
,	O
in	O
transient	O
environments	O
where	O
temperatures	O
change	O
,	O
it	O
is	O
hard	O
to	O
correlate	O
psychological	O
and	O
physiological	O
measures	O
,	O
because	O
there	O
is	O
a	O
delay	O
in	O
physiological	O
changes	O
.	O

This	O
study	O
tests	O
a	O
method	O
for	O
correlating	O
both	O
measures	O
using	O
electroencephalogram	O
(	O
EEG	O
)	O
,	O
which	O
can	O
capture	O
physiological	O
feedback	O
with	O
a	O
rapid	O
response	O
rate	O
.	O

In	O
this	O
experimental	O
study	O
,	O
thermal	O
pleasure	O
was	O
induced	O
in	O
a	O
temperature	O
step	O
-	O
change	O
environment	O
,	O
one	O
of	O
non	O
-	O
uniform	O
and	O
transient	O
environments	O
.	O

During	O
the	O
experiment	O
,	O
EEG	O
was	O
monitored	O
and	O
psychological	O
responses	O
of	O
thermal	O
sensation	O
and	O
thermal	O
comfort	O
votes	O
were	O
collected	O
via	O
survey	O
questionnaire	O
.	O

A	O
total	O
of	O
50	O
males	O
in	O
their	O
twenties	O
participated	O
in	O
a	O
climate	O
chamber	O
experiment	O
.	O

An	O
experimental	O
group	O
of	O
25	O
men	O
were	O
exposed	O
to	O
temperature	O
step	O
-	O
change	O
between	O
two	O
different	O
room	O
conditions	O
(	O
32degreesC	O
,	O
65	O
%	O
and	O
25degreesC	O
,	O
50	O
%	O
)	O
,	O
experiencing	O
thermal	O
pleasure	O
.	O

The	O
control	O
group	O
of	O
the	O
remaining	O
25	O
men	O
were	O
exposed	O
to	O
an	O
unchanging	O
condition	O
,	O
experiencing	O
thermal	O
comfort	O
close	O
to	O
thermal	O
neutrality	O
.	O

The	O
EEG	O
spectral	O
analysis	O
demonstrated	O
that	O
EEG	O
frequency	O
band	O
associated	O
with	O
pleasant	O
emotional	O
(	O
theta	O
)	O
increased	O
while	O
frequency	O
band	O
related	O
to	O
pleasantness	O
,	O
satisfaction	O
or	O
relaxation	O
(	O
beta	O
)	O
decreased	O
with	O
thermal	O
pleasure	O
.	O

Destabilization	O
in	O
self	O
-	O
ratings	O
of	O
the	O
psychotherapeutic	O
process	O
is	O
associated	O
with	O
better	O
treatment	O
outcome	O
in	O
patients	O
with	O
mood	O
disorders	O
.	O

Objective	O
:	O
While	O
destabilization	O
periods	O
characterized	O
by	O
high	O
variability	O
and	O
turbulence	O
in	O
a	O
patient	O
'	O
s	O
psychological	O
state	O
might	O
seem	O
obstructive	O
for	O
psychotherapy	B-LSF
,	O
a	O
complex	O
systems	O
approach	O
to	O
psychopathology	O
predicts	O
that	O
these	O
periods	O
are	O
actually	O
beneficial	O
as	O
they	O
indicate	O
possibilities	O
for	O
reorganization	O
within	O
the	O
patient	O
.	O

The	O
present	O
study	O
tested	O
the	O
hypothesis	O
that	O
destabilization	O
is	O
related	O
to	O
better	O
treatment	O
outcome	O
.	O
Method	O
:	O
328	O
patients	O
who	O
received	O
psychotherapy	B-LSF
for	O
mood	O
disorders	O
completed	O
daily	O
self	O
-	O
ratings	O
about	O
their	O
psychotherapeutic	O
process	O
.	O

A	O
continuous	O
measure	O
of	O
destabilization	O
was	O
defined	O
as	O
the	O
relative	O
strength	O
of	O
the	O
highest	O
peak	O
in	O
dynamic	O
complexity	O
,	O
a	O
measure	O
for	O
variability	O
and	O
turbulence	O
,	O
in	O
the	O
self	O
-	O
ratings	O
of	O
individual	O
patients	O
.	O
Results	O
:	O
Destabilization	O
was	O
found	O
to	O
be	O
related	O
to	O
better	O
treatment	O
outcome	O
.	O

When	O
improvers	O
and	O
non	O
-	O
improvers	O
were	O
analyzed	O
separately	O
,	O
destabilization	O
was	O
found	O
to	O
be	O
related	O
to	O
better	O
treatment	O
outcome	O
in	O
improvers	O
but	O
not	O
in	O
non	O
-	O
improvers	O
.	O
Conclusions	O
:	O
Destabilization	O
in	O
daily	O
self	O
-	O
ratings	O
of	O
the	O
psychotherapeutic	O
process	O
is	O
associated	O
with	O
better	O
treatment	O
outcome	O
.	O

The	O
identification	O
of	O
destabilization	O
periods	O
in	O
process	O
-	O
monitoring	O
data	O
is	O
clinically	O
relevant	O
.	O

During	O
destabilization	O
,	O
patients	O
are	O
believed	O
to	O
be	O
increasingly	O
sensitive	O
to	O
the	O
effects	O
of	O
therapy	B-LSF
.	O

Clinicians	O
could	O
tailor	O
their	O
interventions	O
to	O
these	O
sensitive	O
periods	O
.	O

Selection	O
of	O
Resistance	B-LSF
Exercises	I-LSF
for	O
Older	O
Individuals	O
:	O
The	O
Forgotten	O
Variable	O
.	O

Resistance	B-LSF
training	I-LSF
has	O
been	O
widely	O
recommended	O
as	O
a	O
strategy	O
to	O
enhance	O
the	O
functional	O
autonomy	O
and	O
quality	O
of	O
life	O
in	O
older	O
individuals	O
.	O

Among	O
the	O
variables	O
that	O
comprise	O
a	O
training	B-LSF
session	O
,	O
the	O
selection	O
of	O
exercises	B-LSF
stands	O
out	O
as	O
an	O
important	O
consideration	O
for	O
the	O
elderly	O
.	O

Although	O
a	O
wide	O
range	O
of	O
resistance	B-LSF
exercise	I-LSF
options	O
exists	O
,	O
current	O
guidelines	O
generally	O
do	O
not	O
indicate	O
which	O
exercises	B-LSF
should	O
be	O
included	O
and	O
which	O
muscles	O
should	O
be	O
prioritized	O
when	O
prescribing	O
training	B-LSF
for	O
older	O
individuals	O
.	O

Therefore	O
,	O
given	O
the	O
lack	O
of	O
evidence	O
-	O
based	O
information	O
on	O
the	O
topic	O
,	O
this	O
paper	O
endeavors	O
to	O
establish	O
recommendations	O
to	O
help	O
guide	O
the	O
prescription	O
of	O
resistance	B-LSF
exercises	I-LSF
for	O
older	O
adults	O
.	O

Tobacco	B-LSF
price	O
elasticity	O
in	O
Serbia	O
:	O
evidence	O
from	O
a	O
middle	B-LSF
-	I-LSF
income	I-LSF
country	I-LSF
with	O
high	O
prevalence	O
and	O
low	O
tobacco	B-LSF
prices	O
.	O

In	O
this	O
paper	O
,	O
we	O
use	O
Deaton	O
'	O
s	O
demand	O
model	O
and	O
Household	O
Budget	O
Survey	O
data	O
from	O
2006	O
to	O
2017	O
to	O
provide	O
a	O
first	O
robust	O
and	O
reliable	O
estimate	O
of	O
cigarettes	B-LSF
price	O
elasticity	O
for	O
Serbia	O
.	O

The	O
case	O
of	O
Serbia	O
is	O
particularly	O
interesting	O
and	O
important	O
as	O
it	O
provides	O
evidence	O
for	O
a	O
country	O
in	O
which	O
tobacco	B-LSF
market	O
is	O
characterised	O
by	O
the	O
high	O
tobacco	B-LSF
consumption	I-LSF
,	O
low	O
prices	O
and	O
large	O
perceived	O
impact	O
of	O
multinational	O
tobacco	O
companies	O
on	O
public	O
revenues	O
,	O
export	O
and	O
employment	B-LSF
,	O
given	O
their	O
considerable	O
cigarette	B-LSF
production	O
in	O
Serbia	O
.	O

The	O
price	O
elasticity	O
of	O
cigarettes	B-LSF
is	O
estimated	O
at	O
-	O
0	O
.	O
639	O
,	O
in	O
line	O
with	O
the	O
previous	O
estimates	O
for	O
the	O
low	B-LSF
-	I-LSF
income	I-LSF
and	I-LSF
middle	I-LSF
-	I-LSF
income	I-LSF
countries	I-LSF
.	O

Estimated	O
negative	O
cigarettes	B-LSF
price	O
elasticity	O
for	O
Serbia	O
suggests	O
that	O
tobacco	B-LSF
tax	O
policy	O
could	O
be	O
used	O
effectively	O
to	O
reduce	O
cigarette	B-LSF
consumption	I-LSF
in	O
Serbia	O
,	O
which	O
could	O
lower	O
the	O
harmful	O
health	O
effects	O
of	O
cigarettes	B-LSF
.	O

Furthermore	O
,	O
a	O
calculation	O
based	O
on	O
the	O
estimated	O
elasticity	O
suggests	O
that	O
increasing	O
tobacco	B-LSF
taxes	O
could	O
also	O
have	O
positive	O
fiscal	O
effects	O
,	O
as	O
the	O
expected	O
revenue	O
from	O
the	O
taxes	O
would	O
increase	O
.	O

Progress	O
toward	O
a	O
voluntary	O
oral	O
consumption	O
model	O
of	O
alcoholism	B-LSF
.	O

With	O
the	O
goal	O
of	O
obtaining	O
a	O
suitable	O
animal	O
model	O
for	O
voluntary	O
oral	O
consumption	O
of	O
ethanol	B-LSF
,	O
the	O
investigators	O
selectively	O
bred	O
lines	O
of	O
alcohol	B-LSF
-	O
preferring	O
and	O
alcohol	B-LSF
-	O
nonpreferring	O
rats	O
,	O
with	O
preference	O
considered	O
as	O
a	O
function	O
of	O
the	O
concentration	O
of	O
ethanol	B-LSF
ingested	O
.	O

Studies	O
with	O
these	O
animals	O
showed	O
that	O
drinking	B-LSF
is	O
voluntary	O
and	O
not	O
contingent	O
on	O
caloric	B-LSF
restriction	I-LSF
;	O
that	O
they	O
will	O
work	O
to	O
obtain	O
ethanol	B-LSF
even	O
when	O
food	B-LSF
and	O
water	B-LSF
are	O
freely	O
available	O
,	O
and	O
in	O
so	O
doing	O
,	O
show	O
psychological	O
or	O
behavioral	O
tolerance	O
;	O
that	O
the	O
amount	O
of	O
ethanol	B-LSF
voluntarily	O
consumed	O
approaches	O
their	O
apparent	O
maximum	O
capacity	O
for	O
ethanol	B-LSF
elimination	O
.	O

This	O
amount	O
of	O
ethanol	B-LSF
was	O
capable	O
of	O
altering	O
brain	O
neurotransmitter	O
content	O
,	O
thus	O
exerting	O
a	O
CNS	O
pharmocologic	O
effect	O
.	O

In	O
addition	O
,	O
the	O
rats	O
will	O
bar	O
-	O
press	O
for	O
intravenous	O
administration	O
of	O
ethanol	B-LSF
,	O
and	O
with	O
prolonged	O
,	O
free	O
-	O
choice	O
consumption	O
,	O
ethanol	B-LSF
intake	O
increases	O
to	O
as	O
much	O
as	O
12	O
g	O
per	O
kg	O
body	O
weight	O
per	O
day	O
without	O
producing	O
behavioral	O
deficits	O
,	O
suggesting	O
the	O
development	O
of	O
tolerance	O
.	O

Time	O
-	O
limited	O
group	B-LSF
psychotherapy	I-LSF
.	O

The	O
presence	O
of	O
a	O
time	O
limit	O
shapes	O
the	O
entire	O
therapeutic	O
process	O
and	O
culminates	O
in	O
the	O
management	O
of	O
termination	O
.	O

This	O
paper	O
outlines	O
a	O
protocol	O
for	O
dealing	O
with	O
termination	O
in	O
time	O
-	O
limited	O
psychotherapy	B-LSF
groups	O
:	O
(	O
1	O
)	O
Select	O
suitable	O
members	O
with	O
similar	O
capacity	O
to	O
use	O
a	O
time	O
-	O
limited	O
format	O
;	O
(	O
2	O
)	O
use	O
a	O
closed	O
group	O
format	O
;	O
(	O
3	O
)	O
clarify	O
the	O
time	O
boundaries	O
at	O
the	O
beginning	O
;	O
(	O
4	O
)	O
reinforce	O
the	O
time	O
frame	O
during	O
the	O
last	O
half	O
of	O
the	O
group	O
;	O
(	O
5	O
)	O
provide	O
focused	O
interventions	O
;	O
(	O
6	O
)	O
forestall	O
premature	O
termination	O
;	O
(	O
7	O
)	O
reinforce	O
termination	O
themes	O
of	O
deprivation	O
,	O
resentment	O
and	O
anger	O
,	O
rejection	O
,	O
grief	O
and	O
loss	O
,	O
responsibility	O
for	O
self	O
;	O
(	O
8	O
)	O
structure	O
the	O
final	O
session	O
;	O
and	O
(	O
9	O
)	O
plan	O
a	O
4	O
-	O
month	O
follow	O
-	O
up	O
visit	O
to	O
encourage	O
ongoing	O
application	O
.	O

These	O
guidelines	O
provide	O
the	O
therapist	O
with	O
a	O
general	O
structure	O
to	O
ensure	O
that	O
major	O
termination	O
themes	O
are	O
systematically	O
addressed	O
.	O

They	O
deal	O
with	O
powerful	O
concepts	O
of	O
maturation	O
and	O
self	O
-	O
responsibility	O
and	O
incorporate	O
the	O
principal	O
strategies	O
that	O
distinguish	O
time	O
-	O
limited	O
from	O
time	O
-	O
unlimited	O
group	B-LSF
psychotherapy	I-LSF
.	O

Managing	O
the	O
uncertainties	O
of	O
low	O
-	O
level	O
radioactive	B-LSF
waste	I-LSF
disposal	O
.	O

The	O
disposal	O
of	O
low	O
-	O
level	O
radioactive	B-LSF
waste	I-LSF
(	O
LLRW	O
)	O
entails	O
financial	O
and	O
safety	O
risks	O
not	O
common	O
to	O
most	O
market	O
commodities	O
.	O

This	O
manifests	O
debilitating	O
uncertainty	O
regarding	O
future	O
waste	O
volume	O
and	O
disposal	O
technology	O
performance	O
in	O
the	O
market	O
for	O
waste	O
disposal	O
services	O
.	O

Dealing	O
with	O
the	O
publicly	O
perceived	O
risks	O
of	O
LLRW	O
disposal	O
increases	O
the	O
total	O
cost	O
of	O
the	O
technology	O
by	O
an	O
order	O
of	O
magnitude	O
,	O
relative	O
to	O
traditional	O
shallow	O
land	O
burial	O
.	O

Therefore	O
,	O
this	O
analysis	O
first	O
examines	O
five	O
proposed	O
disposal	O
facility	O
designs	O
and	O
quantifies	O
the	O
costs	O
associated	O
with	O
these	O
two	O
important	O
sources	O
of	O
uncertainty	O
.	O

Based	O
upon	O
this	O
analysis	O
,	O
a	O
marketable	O
disposal	O
permit	O
mechanism	O
is	O
proposed	O
and	O
analyzed	O
for	O
the	O
purpose	O
of	O
reducing	O
market	O
uncertainty	O
and	O
thereby	O
facilitating	O
a	O
market	O
solution	O
to	O
the	O
waste	O
disposal	O
problem	O
.	O

In	O
addition	O
to	O
quantifying	O
the	O
costs	O
,	O
the	O
results	O
illustrate	O
the	O
ways	O
in	O
which	O
the	O
design	O
of	O
a	O
technology	O
is	O
influenced	O
by	O
its	O
institutional	O
environment	O
,	O
and	O
vice	O
versa	O
.	O

